{
  "main": {
    "items": [
      {
        "name": "GoldHEN 2.2.5 b2",
        "action": "postBinaryPayload",
        "actionParams": "pl_goldhen2.2.5b2.bin",
        "desc": "GoldHEN fw9.00"
      },
      {
        "name": "GoldHEN Auto",
        "action": "loadUrl",
        "actionParams": "/index.html?autoload-hen=true",
        "desc": "GoldHEN 2.3 b2 Auto Load"
      },
      {
        "name": "Jailbreak",
        "desc": "Other Jailbreak Tools",
        "action": "contextMenu",
        "silent": true,
        "actionParams": [
          {
            "action": "loadMiraJailbreak",
            "name": "Run Mira Jailbreak",
            "desc": "Run first before MIRA!!!"
          },
          {
            "action": "postBinaryPayload",
            "name": "Mira",
            "desc": "Mira Orbis for PS4 9.00 Fw. First run the JB then Mira!!!",
            "actionParams": "MiraLoader.bin"
          }
        ]
      },
      {
        "name": "Binary Loader",
        "action": "loadBinaryLoader",
        "desc": "Send payloads to BinaryLoader at port 9020",
        "guard": "isOnline"
      },
      {
        "name": "FTP",
        "action": "postBinaryPayload",
        "actionParams": "pl_ftp.bin",
        "desc": "A full access FTP server for the PS4",
        "guard": "isOnline"
      },
      {
        "action": "postBinaryPayload",
        "name": "WebRTE",
        "desc": "WebRTE PS4 for 9.00 fw",
        "actionParams": "pl_webrte.bin"
      }
    ]
  },
  "utils": {
    "items": [
      {
        "name": "Debug",
        "desc": "Debugging tools",
        "action": "contextMenu",
        "silent": true,
        "actionParams": [
          {
            "action": "postBinaryPayload",
            "name": "Orbis Toolbox",
            "desc": "A full access FTP server for the PS4",
            "actionParams": "pl_OrbisToolbox.bin"
          },
          {
            "action": "postBinaryPayload",
            "name": "Ps4debug",
            "actionParams": "pl_ps4debug.bin"
          },
          {
            "action": "postBinaryPayload",
            "name": "Permanent UART",
            "actionParams": "pl_permanentuart.bin"
          }
        ]
      },

      {
        "name": "Backup<br/>Dump",
        "desc": "Backup Utilities",
        "action": "contextMenu",
        "silent": true,
        "actionParams": [
          {
            "name": "App2USB",
            "action": "postBinaryPayload",
            "actionParams": "pl_app2usb.bin",
            "desc": "Move installed games to an external USB drive"
          },
          {
            "name": "Dump Game",
            "action": "postBinaryPayload",
            "actionParams": "DumperG.bin",
            "desc": "Dump Games to a USB drive. Leeful"
          },
          {
            "name": "Dump Game Update",
            "action": "postBinaryPayload",
            "actionParams": "DumperGU.bin",
            "desc": "Dump Game Update to a USB drive. Leeful"
          },
          {
            "name": "Dump Game & Update (Merged)",
            "action": "postBinaryPayload",
            "actionParams": "DumperMGU.bin",
            "desc": "Dump Game & Update (Merged) to a USB drive. Leeful"
          },
          {
            "name": "Dump Game & Update (separated)",
            "action": "postBinaryPayload",
            "actionParams": "DumperSGU.bin",
            "desc": "Dump Game & Update (separated) to a USB drive. Leeful"
          },
          {
            "action": "postBinaryPayload",
            "name": "DB Backup",
            "actionParams": "pl_backup.bin"
          },
          {
            "action": "postBinaryPayload",
            "name": "DB Restore",
            "actionParams": "pl_restore.bin"
          },
          {
            "action": "postBinaryPayload",
            "name": "Kernel Dumper",
            "actionParams": "pl_kerneldumper.bin"
          },
          {
            "action": "postBinaryPayload",
            "name": "Module Dumper",
            "actionParams": "pl_moduledumper.bin"
          }
        ]
      },
      {
        "name": "Switches",
        "action": "contextMenu",
        "silent": true,
        "actionParams": [
          {
            "name": "Disable Updates",
            "action": "postBinaryPayload",
            "actionParams": "pl_disableupdates.bin",
            "desc": "Disable System Updates"
          },
          {
            "name": "Enable Update",
            "action": "postBinaryPayload",
            "actionParams": "pl_enableupdates.bin",
            "desc": "Enables System Updates"
          },
          {
            "action": "postBinaryPayload",
            "name": "Disable ASLR",
            "actionParams": "pl_disableaslr.bin"
          },
          {
            "action": "postBinaryPayload",
            "name": "Enable Browser",
            "actionParams": "pl_enbalebrowser.bin"
          }
        ]
      },
      {
        "name": "General",
        "desc": "General Utilities",
        "action": "contextMenu",
        "silent": true,
        "actionParams": [
          {
            "action": "postBinaryPayload",
            "name": "Orbis Toolbox",
            "actionParams": "pl_OrbisToolbox.bin"
          },
          {
            "action": "postBinaryPayload",
            "name": "Rif renamer",
            "actionParams": "pl_rifrenamer.bin"
          },
          {
            "action": "postBinaryPayload",
            "name": "History Blocker",
            "actionParams": "pl_historyblocker.bin"
          },
          {
            "name": "ToDex",
            "action": "postBinaryPayload",
            "actionParams": "pl_ToDex.bin",
            "desc": "Unlocks some debug features available on testkit"
          },
          {
            "action": "postBinaryPayload",
            "name": "Exit IDU",
            "actionParams": "pl_exitidu.bin"
          }
        ]
      },
      {
        "name": "Fan",
        "desc": "Set fan speed",
        "action": "contextMenu",
        "silent": true,
        "actionParams": [
          {
            "name": "Fan 50°C",
            "action": "setFan",
            "actionParams": { "data": 50 }
          },
          {
            "name": "Fan 55°C",
            "action": "setFan",
            "actionParams": { "data": 55 }
          },
          {
            "name": "Fan 60°C",
            "action": "setFan",
            "actionParams": { "data": 60 }
          },
          {
            "name": "Fan 65°C",
            "action": "setFan",
            "actionParams": { "data": 65 }
          },
          {
            "name": "Fan 70°C",
            "action": "setFan",
            "actionParams": { "data": 70 }
          },
          {
            "name": "Fan 75°C",
            "action": "setFan",
            "actionParams": { "data": 75 }
          },
          {
            "name": "Fan 80°C",
            "action": "setFan",
            "actionParams": { "data": 80 }
          }
        ]
      }
    ]
  },
  "app/games": {
    "items": [
      {
        "name": "Linux",
        "desc": "Load different versions of Linux",
        "action": "contextMenu",
        "silent": true,
        "actionParams": [
          {
            "name": "Linux 1GB",
            "action": "loadLinux",
            "actionParams": { "data": 1 }
          },
          {
            "name": "Linux 2GB",
            "action": "loadLinux",
            "actionParams": { "data": 2 }
          },
          {
            "name": "Linux 3GB",
            "action": "loadLinux",
            "actionParams": { "data": 3 }
          },
          {
            "name": "Linux 4GB",
            "action": "loadLinux",
            "actionParams": { "data": 4 }
          },
          {
            "name": "Linux 5GB",
            "action": "loadLinux",
            "actionParams": { "data": 5 }
          }
        ]
      }
    ]
  },
  "xhost": {
    "items": [
      {
        "name": "Settings",
        "action": "contextMenu",
        "silent": true,
        "actionParams": [
          {
            "name": "XHOST-PRO Setup",
            "desc": "WiFi / Firmware / Settings",
            "action": "loadUrl",
            "actionParams": "/xhost/setup",
            "silent": true,
            "guard": "isXHOSTPRO"
          },
          {
            "name": "Theme",
            "silent": true,
            "action": "select",
            "actionParams": {
              "options": {
                "Original": "[\"black\",\"#101010\",\"white\",\"rgb(191,95,95)\",\"0,192,251\",\"#00c0fb\",\"234,182,56\",\"#eab638\"]",
                "Gold": "[\"black\",\"#101010\",\"white\",\"rgb(191,95,95)\",\"234,182,56\",\"#eab638\",\"0,220,195\",\"#00dcc3\"]",
                "Citron": "[\"black\",\"#101010\",\"white\",\"rgb(191, 95, 95)\",\"0, 176, 108\",\"#00b06c\",\"245, 227, 130\",\"#f5e382\"]",
                "Lunar": "[\"black\",\"#101010\",\"white\",\"rgb(255,200,60)\",\"209,87,25\",\"#d15719\",\"0,151,123\",\"#00977b\"]"
              },
              "onchange": "theme",
              "store": "theme"
            }
          },
          {
            "name": "Theme Background",
            "silent": true,
            "action": "select",
            "actionParams": {
              "options": {
                "Original": "original",
                "Parallax": "parallax"
              },
              "onchange": "themeSpeed",
              "store": "themeSpeed"
            }
          }
        ]
      },
      {
        "name": "About: xhost v1.6.0 xps3riments",
        "desc": "Click for credits",
        "action": "contextMenu",
        "silent": true,
        "actionParams": [
          { "name": "Al Azif", "silent": true },
          { "name": "CelesteBlue", "silent": true },
          { "name": "ChendoChap", "silent": true },
          { "name": "Ctn", "silent": true },
          { "name": "Karo", "silent": true },
          { "name": "Nazky", "silent": true },
          { "name": "OSM", "silent": true },
          { "name": "Scene Collective", "silent": true },
          { "name": "SiSTRo", "silent": true },
          { "name": "Sleirsgoevy", "silent": true },
          { "name": "Specter", "silent": true },
          { "name": "zecoxao", "silent": true },
          { "name": "Znullptr", "silent": true },
          { "name": "DH", "silent": true },
          { "name": "TheWizWikii", "silent": true },
          { "name": "NanospeedGamer", "silent": true }
        ]
      },
      {
        "name": "Offline Version",
        "desc": "Cache this Host for offline access",
        "action": "loadUrl",
        "actionParams": "index-cached.html",
        "silent": true,
        "guard": "isOnline"
      }
    ]
  }
}